year,month,family,sales
2013,1,AUTOMOTIVE,6557.0
2013,1,BABY CARE,0.0
2013,1,BEAUTY,4019.0
2013,1,BEVERAGES,1670653.0
2013,1,BOOKS,0.0
2013,1,BREAD/BAKERY,549778.856175
2013,1,CELEBRATION,0.0
2013,1,CLEANING,1448851.0
2013,1,DAIRY,523737.0
2013,1,DELI,304217.242018
2013,1,EGGS,203442.0
2013,1,FROZEN FOODS,118057.1350672
2013,1,GROCERY I,4032240.0
2013,1,GROCERY II,27039.0
2013,1,HARDWARE,1612.0
2013,1,HOME AND KITCHEN I,0.0
2013,1,HOME AND KITCHEN II,0.0
2013,1,HOME APPLIANCES,210.0
2013,1,HOME CARE,0.0
2013,1,LADIESWEAR,0.0
2013,1,LAWN AND GARDEN,3808.0
2013,1,LINGERIE,18266.0
2013,1,"LIQUOR,WINE,BEER",88568.0
2013,1,MAGAZINES,0.0
2013,1,MEATS,533154.783758
2013,1,PERSONAL CARE,317716.0
2013,1,PET SUPPLIES,0.0
2013,1,PLAYERS AND ELECTRONICS,0.0
2013,1,POULTRY,304256.8359325
2013,1,PREPARED FOODS,136488.049961
2013,1,PRODUCE,0.0
2013,1,SCHOOL AND OFFICE SUPPLIES,0.0
2013,1,SEAFOOD,34953.8339978
2013,2,AUTOMOTIVE,7220.0
2013,2,BABY CARE,0.0
2013,2,BEAUTY,3747.0
2013,2,BEVERAGES,1508254.0
2013,2,BOOKS,0.0
2013,2,BREAD/BAKERY,499809.40377
2013,2,CELEBRATION,0.0
2013,2,CLEANING,1302978.0
2013,2,DAIRY,499873.0
2013,2,DELI,283769.43102
2013,2,EGGS,190424.0
2013,2,FROZEN FOODS,98706.2020041
2013,2,GROCERY I,3919400.0
2013,2,GROCERY II,25304.0
2013,2,HARDWARE,1414.0
2013,2,HOME AND KITCHEN I,0.0
2013,2,HOME AND KITCHEN II,0.0
2013,2,HOME APPLIANCES,119.0
2013,2,HOME CARE,0.0
2013,2,LADIESWEAR,0.0
2013,2,LAWN AND GARDEN,3625.0
2013,2,LINGERIE,15453.0
2013,2,"LIQUOR,WINE,BEER",99682.0
2013,2,MAGAZINES,0.0
2013,2,MEATS,480354.959696
2013,2,PERSONAL CARE,274064.0
2013,2,PET SUPPLIES,0.0
2013,2,PLAYERS AND ELECTRONICS,0.0
2013,2,POULTRY,284366.357897
2013,2,PREPARED FOODS,127108.537064
2013,2,PRODUCE,0.0
2013,2,SCHOOL AND OFFICE SUPPLIES,0.0
2013,2,SEAFOOD,33287.8859857
2013,3,AUTOMOTIVE,7635.0
2013,3,BABY CARE,0.0
2013,3,BEAUTY,3901.0
2013,3,BEVERAGES,1822220.0
2013,3,BOOKS,0.0
2013,3,BREAD/BAKERY,594024.80169
2013,3,CELEBRATION,0.0
2013,3,CLEANING,1505390.0
2013,3,DAIRY,612508.0
2013,3,DELI,327257.452028
2013,3,EGGS,225027.0
2013,3,FROZEN FOODS,135552.357953
2013,3,GROCERY I,4679847.0
2013,3,GROCERY II,29500.0
2013,3,HARDWARE,1582.0
2013,3,HOME AND KITCHEN I,0.0
2013,3,HOME AND KITCHEN II,0.0
2013,3,HOME APPLIANCES,1137.0
2013,3,HOME CARE,0.0
2013,3,LADIESWEAR,0.0
2013,3,LAWN AND GARDEN,4413.0
2013,3,LINGERIE,13302.0
2013,3,"LIQUOR,WINE,BEER",106233.0
2013,3,MAGAZINES,0.0
2013,3,MEATS,525533.343087
2013,3,PERSONAL CARE,319254.0
2013,3,PET SUPPLIES,0.0
2013,3,PLAYERS AND ELECTRONICS,0.0
2013,3,POULTRY,318799.460727
2013,3,PREPARED FOODS,151266.292022
2013,3,PRODUCE,4037.0
2013,3,SCHOOL AND OFFICE SUPPLIES,0.0
2013,3,SEAFOOD,40077.3299805
2013,4,AUTOMOTIVE,7485.0
2013,4,BABY CARE,0.0
2013,4,BEAUTY,3670.0
2013,4,BEVERAGES,1743121.0
2013,4,BOOKS,0.0
2013,4,BREAD/BAKERY,568623.2191
2013,4,CELEBRATION,0.0
2013,4,CLEANING,1421226.0
2013,4,DAIRY,559590.0
2013,4,DELI,316163.708962
2013,4,EGGS,208200.0
2013,4,FROZEN FOODS,145692.047052
2013,4,GROCERY I,4554014.0
2013,4,GROCERY II,29395.0
2013,4,HARDWARE,1423.0
2013,4,HOME AND KITCHEN I,0.0
2013,4,HOME AND KITCHEN II,0.0
2013,4,HOME APPLIANCES,1067.0
2013,4,HOME CARE,0.0
2013,4,LADIESWEAR,0.0
2013,4,LAWN AND GARDEN,4029.0
2013,4,LINGERIE,12736.0
2013,4,"LIQUOR,WINE,BEER",92334.0
2013,4,MAGAZINES,0.0
2013,4,MEATS,521173.160301
2013,4,PERSONAL CARE,326543.0
2013,4,PET SUPPLIES,0.0
2013,4,PLAYERS AND ELECTRONICS,0.0
2013,4,POULTRY,305240.522839
2013,4,PREPARED FOODS,131131.67577
2013,4,PRODUCE,6308.0
2013,4,SCHOOL AND OFFICE SUPPLIES,0.0
2013,4,SEAFOOD,34299.4039878
2013,5,AUTOMOTIVE,9034.0
2013,5,BABY CARE,0.0
2013,5,BEAUTY,3716.0
2013,5,BEVERAGES,1824123.0
2013,5,BOOKS,0.0
2013,5,BREAD/BAKERY,616045.653359
2013,5,CELEBRATION,0.0
2013,5,CLEANING,1486295.0
2013,5,DAIRY,595657.0
2013,5,DELI,347293.365026
2013,5,EGGS,229575.0
2013,5,FROZEN FOODS,150769.849963
2013,5,GROCERY I,4806099.0
2013,5,GROCERY II,32690.0
2013,5,HARDWARE,1431.0
2013,5,HOME AND KITCHEN I,0.0
2013,5,HOME AND KITCHEN II,0.0
2013,5,HOME APPLIANCES,1046.0
2013,5,HOME CARE,0.0
2013,5,LADIESWEAR,0.0
2013,5,LAWN AND GARDEN,4514.0
2013,5,LINGERIE,13833.0
2013,5,"LIQUOR,WINE,BEER",108818.0
2013,5,MAGAZINES,0.0
2013,5,MEATS,547487.049146
2013,5,PERSONAL CARE,308987.0
2013,5,PET SUPPLIES,0.0
2013,5,PLAYERS AND ELECTRONICS,0.0
2013,5,POULTRY,321628.685602
2013,5,PREPARED FOODS,142367.145905
2013,5,PRODUCE,8836.0
2013,5,SCHOOL AND OFFICE SUPPLIES,0.0
2013,5,SEAFOOD,37458.2580258
2013,6,AUTOMOTIVE,8311.0
2013,6,BABY CARE,0.0
2013,6,BEAUTY,3842.0
2013,6,BEVERAGES,1829106.0
2013,6,BOOKS,0.0
2013,6,BREAD/BAKERY,607785.69002
2013,6,CELEBRATION,0.0
2013,6,CLEANING,1483938.0
2013,6,DAIRY,590898.0
2013,6,DELI,335910.17701
2013,6,EGGS,220594.0
2013,6,FROZEN FOODS,170314.649025
2013,6,GROCERY I,4919672.0
2013,6,GROCERY II,30786.0
2013,6,HARDWARE,1339.0
2013,6,HOME AND KITCHEN I,0.0
2013,6,HOME AND KITCHEN II,0.0
2013,6,HOME APPLIANCES,999.0
2013,6,HOME CARE,0.0
2013,6,LADIESWEAR,0.0
2013,6,LAWN AND GARDEN,4533.0
2013,6,LINGERIE,12484.0
2013,6,"LIQUOR,WINE,BEER",106692.0
2013,6,MAGAZINES,0.0
2013,6,MEATS,549834.749027
2013,6,PERSONAL CARE,304725.0
2013,6,PET SUPPLIES,0.0
2013,6,PLAYERS AND ELECTRONICS,0.0
2013,6,POULTRY,327351.3931176
2013,6,PREPARED FOODS,142008.431049
2013,6,PRODUCE,8631.0
2013,6,SCHOOL AND OFFICE SUPPLIES,0.0
2013,6,SEAFOOD,29588.972995
2013,7,AUTOMOTIVE,8508.0
2013,7,BABY CARE,0.0
2013,7,BEAUTY,4780.0
2013,7,BEVERAGES,1664465.0
2013,7,BOOKS,0.0
2013,7,BREAD/BAKERY,568490.334004
2013,7,CELEBRATION,0.0
2013,7,CLEANING,1420483.0
2013,7,DAIRY,576927.0
2013,7,DELI,298614.00193
2013,7,EGGS,209272.0
2013,7,FROZEN FOODS,163838.4289985
2013,7,GROCERY I,4861947.0
2013,7,GROCERY II,30109.0
2013,7,HARDWARE,1164.0
2013,7,HOME AND KITCHEN I,0.0
2013,7,HOME AND KITCHEN II,0.0
2013,7,HOME APPLIANCES,846.0
2013,7,HOME CARE,0.0
2013,7,LADIESWEAR,0.0
2013,7,LAWN AND GARDEN,3980.0
2013,7,LINGERIE,12477.0
2013,7,"LIQUOR,WINE,BEER",98754.0
2013,7,MAGAZINES,0.0
2013,7,MEATS,536148.232708
2013,7,PERSONAL CARE,303655.0
2013,7,PET SUPPLIES,0.0
2013,7,PLAYERS AND ELECTRONICS,0.0
2013,7,POULTRY,313583.927932
2013,7,PREPARED FOODS,141222.711093
2013,7,PRODUCE,7463.0
2013,7,SCHOOL AND OFFICE SUPPLIES,0.0
2013,7,SEAFOOD,30672.9710153
2013,8,AUTOMOTIVE,8164.0
2013,8,BABY CARE,0.0
2013,8,BEAUTY,4720.0
2013,8,BEVERAGES,1810927.0
2013,8,BOOKS,0.0
2013,8,BREAD/BAKERY,574358.36818
2013,8,CELEBRATION,0.0
2013,8,CLEANING,1462219.0
2013,8,DAIRY,572921.0
2013,8,DELI,325416.424971
2013,8,EGGS,216552.0
2013,8,FROZEN FOODS,163100.411023
2013,8,GROCERY I,5077610.0
2013,8,GROCERY II,31022.0
2013,8,HARDWARE,1554.0
2013,8,HOME AND KITCHEN I,0.0
2013,8,HOME AND KITCHEN II,0.0
2013,8,HOME APPLIANCES,880.0
2013,8,HOME CARE,0.0
2013,8,LADIESWEAR,0.0
2013,8,LAWN AND GARDEN,4264.0
2013,8,LINGERIE,13676.0
2013,8,"LIQUOR,WINE,BEER",110217.0
2013,8,MAGAZINES,0.0
2013,8,MEATS,543110.259599
2013,8,PERSONAL CARE,310536.0
2013,8,PET SUPPLIES,0.0
2013,8,PLAYERS AND ELECTRONICS,0.0
2013,8,POULTRY,326411.2138817
2013,8,PREPARED FOODS,142408.42181
2013,8,PRODUCE,8118.0
2013,8,SCHOOL AND OFFICE SUPPLIES,0.0
2013,8,SEAFOOD,29603.820008
2013,9,AUTOMOTIVE,7029.0
2013,9,BABY CARE,0.0
2013,9,BEAUTY,3607.0
2013,9,BEVERAGES,1908153.0
2013,9,BOOKS,0.0
2013,9,BREAD/BAKERY,615401.429876
2013,9,CELEBRATION,0.0
2013,9,CLEANING,1435825.0
2013,9,DAIRY,580773.0
2013,9,DELI,347099.01406
2013,9,EGGS,236446.0
2013,9,FROZEN FOODS,161142.041982
2013,9,GROCERY I,4979594.0
2013,9,GROCERY II,30629.0
2013,9,HARDWARE,1565.0
2013,9,HOME AND KITCHEN I,0.0
2013,9,HOME AND KITCHEN II,0.0
2013,9,HOME APPLIANCES,909.0
2013,9,HOME CARE,0.0
2013,9,LADIESWEAR,0.0
2013,9,LAWN AND GARDEN,4310.0
2013,9,LINGERIE,13137.0
2013,9,"LIQUOR,WINE,BEER",100412.0
2013,9,MAGAZINES,0.0
2013,9,MEATS,548558.753157
2013,9,PERSONAL CARE,309791.0
2013,9,PET SUPPLIES,0.0
2013,9,PLAYERS AND ELECTRONICS,0.0
2013,9,POULTRY,332689.069863
2013,9,PREPARED FOODS,136714.758933
2013,9,PRODUCE,6821.0
2013,9,SCHOOL AND OFFICE SUPPLIES,0.0
2013,9,SEAFOOD,32327.1639969
2013,10,AUTOMOTIVE,6803.0
2013,10,BABY CARE,0.0
2013,10,BEAUTY,3753.0
2013,10,BEVERAGES,1855355.0
2013,10,BOOKS,0.0
2013,10,BREAD/BAKERY,610595.11039
2013,10,CELEBRATION,0.0
2013,10,CLEANING,1414118.0
2013,10,DAIRY,584096.0
2013,10,DELI,346264.989962
2013,10,EGGS,236916.0
2013,10,FROZEN FOODS,161381.108939
2013,10,GROCERY I,5030378.0
2013,10,GROCERY II,30423.0
2013,10,HARDWARE,1424.0
2013,10,HOME AND KITCHEN I,0.0
2013,10,HOME AND KITCHEN II,0.0
2013,10,HOME APPLIANCES,792.0
2013,10,HOME CARE,0.0
2013,10,LADIESWEAR,0.0
2013,10,LAWN AND GARDEN,4406.0
2013,10,LINGERIE,12254.0
2013,10,"LIQUOR,WINE,BEER",111366.0
2013,10,MAGAZINES,0.0
2013,10,MEATS,572478.35895
2013,10,PERSONAL CARE,289730.0
2013,10,PET SUPPLIES,0.0
2013,10,PLAYERS AND ELECTRONICS,0.0
2013,10,POULTRY,336496.272221
2013,10,PREPARED FOODS,133955.487036
2013,10,PRODUCE,5910.0
2013,10,SCHOOL AND OFFICE SUPPLIES,0.0
2013,10,SEAFOOD,26725.0330211
2013,11,AUTOMOTIVE,7166.0
2013,11,BABY CARE,0.0
2013,11,BEAUTY,3446.0
2013,11,BEVERAGES,1895439.0
2013,11,BOOKS,0.0
2013,11,BREAD/BAKERY,585894.35193
2013,11,CELEBRATION,0.0
2013,11,CLEANING,1408284.0
2013,11,DAIRY,880313.0
2013,11,DELI,337003.064948
2013,11,EGGS,230636.0
2013,11,FROZEN FOODS,173542.6359127
2013,11,GROCERY I,5027322.0
2013,11,GROCERY II,30297.0
2013,11,HARDWARE,1501.0
2013,11,HOME AND KITCHEN I,0.0
2013,11,HOME AND KITCHEN II,0.0
2013,11,HOME APPLIANCES,880.0
2013,11,HOME CARE,0.0
2013,11,LADIESWEAR,0.0
2013,11,LAWN AND GARDEN,4192.0
2013,11,LINGERIE,11567.0
2013,11,"LIQUOR,WINE,BEER",111098.0
2013,11,MAGAZINES,0.0
2013,11,MEATS,554302.615027
2013,11,PERSONAL CARE,342552.0
2013,11,PET SUPPLIES,0.0
2013,11,PLAYERS AND ELECTRONICS,0.0
2013,11,POULTRY,576809.102294
2013,11,PREPARED FOODS,141686.397899
2013,11,PRODUCE,6887.0
2013,11,SCHOOL AND OFFICE SUPPLIES,0.0
2013,11,SEAFOOD,25741.1249754
2013,12,AUTOMOTIVE,8411.0
2013,12,BABY CARE,0.0
2013,12,BEAUTY,4171.0
2013,12,BEVERAGES,2246064.0
2013,12,BOOKS,0.0
2013,12,BREAD/BAKERY,601344.768866
2013,12,CELEBRATION,0.0
2013,12,CLEANING,1724908.0
2013,12,DAIRY,1161600.0
2013,12,DELI,388401.26798
2013,12,EGGS,241805.0
2013,12,FROZEN FOODS,844150.361475
2013,12,GROCERY I,6451806.0
2013,12,GROCERY II,49683.0
2013,12,HARDWARE,1525.0
2013,12,HOME AND KITCHEN I,0.0
2013,12,HOME AND KITCHEN II,0.0
2013,12,HOME APPLIANCES,892.0
2013,12,HOME CARE,0.0
2013,12,LADIESWEAR,0.0
2013,12,LAWN AND GARDEN,5097.0
2013,12,LINGERIE,15449.0
2013,12,"LIQUOR,WINE,BEER",239186.0
2013,12,MAGAZINES,0.0
2013,12,MEATS,550748.469551
2013,12,PERSONAL CARE,407935.0
2013,12,PET SUPPLIES,0.0
2013,12,PLAYERS AND ELECTRONICS,0.0
2013,12,POULTRY,672213.165255
2013,12,PREPARED FOODS,150117.81589600001
2013,12,PRODUCE,9794.0
2013,12,SCHOOL AND OFFICE SUPPLIES,0.0
2013,12,SEAFOOD,27815.2989516
2014,1,AUTOMOTIVE,8491.0
2014,1,BABY CARE,0.0
2014,1,BEAUTY,4133.0
2014,1,BEVERAGES,4145798.0
2014,1,BOOKS,0.0
2014,1,BREAD/BAKERY,633640.13015
2014,1,CELEBRATION,19174.0
2014,1,CLEANING,1599645.0
2014,1,DAIRY,1137883.0
2014,1,DELI,361683.965712
2014,1,EGGS,252982.0
2014,1,FROZEN FOODS,185148.746023
2014,1,GROCERY I,4938275.537
2014,1,GROCERY II,29574.0
2014,1,HARDWARE,2199.0
2014,1,HOME AND KITCHEN I,36092.0
2014,1,HOME AND KITCHEN II,17155.0
2014,1,HOME APPLIANCES,835.0
2014,1,HOME CARE,435920.0
2014,1,LADIESWEAR,20131.0
2014,1,LAWN AND GARDEN,5787.0
2014,1,LINGERIE,13332.0
2014,1,"LIQUOR,WINE,BEER",111023.0
2014,1,MAGAZINES,1726.0
2014,1,MEATS,490276.380212
2014,1,PERSONAL CARE,369497.0
2014,1,PET SUPPLIES,6430.0
2014,1,PLAYERS AND ELECTRONICS,16539.0
2014,1,POULTRY,627749.216033
2014,1,PREPARED FOODS,158104.841101
2014,1,PRODUCE,3243616.58327
2014,1,SCHOOL AND OFFICE SUPPLIES,1861.0
2014,1,SEAFOOD,36938.3019024
2014,2,AUTOMOTIVE,7563.0
2014,2,BABY CARE,0.0
2014,2,BEAUTY,3578.0
2014,2,BEVERAGES,1916753.0
2014,2,BOOKS,0.0
2014,2,BREAD/BAKERY,560309.69892
2014,2,CELEBRATION,0.0
2014,2,CLEANING,1425639.0
2014,2,DAIRY,1007519.0
2014,2,DELI,329563.242532
2014,2,EGGS,230477.0
2014,2,FROZEN FOODS,164225.935953
2014,2,GROCERY I,4690177.0
2014,2,GROCERY II,25426.0
2014,2,HARDWARE,1476.0
2014,2,HOME AND KITCHEN I,0.0
2014,2,HOME AND KITCHEN II,0.0
2014,2,HOME APPLIANCES,928.0
2014,2,HOME CARE,0.0
2014,2,LADIESWEAR,0.0
2014,2,LAWN AND GARDEN,5085.0
2014,2,LINGERIE,11416.0
2014,2,"LIQUOR,WINE,BEER",110314.0
2014,2,MAGAZINES,0.0
2014,2,MEATS,472934.441401
2014,2,PERSONAL CARE,321063.0
2014,2,PET SUPPLIES,0.0
2014,2,PLAYERS AND ELECTRONICS,0.0
2014,2,POULTRY,581511.244009
2014,2,PREPARED FOODS,136125.602996
2014,2,PRODUCE,6576.0
2014,2,SCHOOL AND OFFICE SUPPLIES,0.0
2014,2,SEAFOOD,29692.4681673
2014,3,AUTOMOTIVE,10115.0
2014,3,BABY CARE,72.0
2014,3,BEAUTY,5166.0
2014,3,BEVERAGES,4430194.0
2014,3,BOOKS,0.0
2014,3,BREAD/BAKERY,651165.39597
2014,3,CELEBRATION,21478.0
2014,3,CLEANING,1770274.0
2014,3,DAIRY,1187829.0
2014,3,DELI,380693.293516
2014,3,EGGS,276353.0
2014,3,FROZEN FOODS,201682.213037
2014,3,GROCERY I,5546845.709
2014,3,GROCERY II,30956.0
2014,3,HARDWARE,2185.0
2014,3,HOME AND KITCHEN I,34705.0
2014,3,HOME AND KITCHEN II,18247.0
2014,3,HOME APPLIANCES,1040.0
2014,3,HOME CARE,433804.0
2014,3,LADIESWEAR,19608.0
2014,3,LAWN AND GARDEN,7685.0
2014,3,LINGERIE,12372.0
2014,3,"LIQUOR,WINE,BEER",139649.0
2014,3,MAGAZINES,1959.0
2014,3,MEATS,557430.866019
2014,3,PERSONAL CARE,387192.0
2014,3,PET SUPPLIES,8011.0
2014,3,PLAYERS AND ELECTRONICS,16061.0
2014,3,POULTRY,654438.654697
2014,3,PREPARED FOODS,163798.515854
2014,3,PRODUCE,3352346.250876
2014,3,SCHOOL AND OFFICE SUPPLIES,2235.0
2014,3,SEAFOOD,39993.117508
2014,4,AUTOMOTIVE,8426.0
2014,4,BABY CARE,0.0
2014,4,BEAUTY,3879.0
2014,4,BEVERAGES,2113125.0
2014,4,BOOKS,0.0
2014,4,BREAD/BAKERY,573217.412024
2014,4,CELEBRATION,0.0
2014,4,CLEANING,1452234.0
2014,4,DAIRY,1098719.0
2014,4,DELI,348646.547894
2014,4,EGGS,261829.0
2014,4,FROZEN FOODS,167466.028013
2014,4,GROCERY I,5056145.344
2014,4,GROCERY II,29452.0
2014,4,HARDWARE,1397.0
2014,4,HOME AND KITCHEN I,0.0
2014,4,HOME AND KITCHEN II,0.0
2014,4,HOME APPLIANCES,961.0
2014,4,HOME CARE,0.0
2014,4,LADIESWEAR,0.0
2014,4,LAWN AND GARDEN,6298.0
2014,4,LINGERIE,12273.0
2014,4,"LIQUOR,WINE,BEER",120097.0
2014,4,MAGAZINES,0.0
2014,4,MEATS,490231.051883
2014,4,PERSONAL CARE,365345.0
2014,4,PET SUPPLIES,0.0
2014,4,PLAYERS AND ELECTRONICS,0.0
2014,4,POULTRY,562509.106268
2014,4,PREPARED FOODS,149931.333846
2014,4,PRODUCE,7152.0
2014,4,SCHOOL AND OFFICE SUPPLIES,0.0
2014,4,SEAFOOD,31917.2332214
2014,5,AUTOMOTIVE,8075.0
2014,5,BABY CARE,0.0
2014,5,BEAUTY,3622.0
2014,5,BEVERAGES,2081778.0
2014,5,BOOKS,0.0
2014,5,BREAD/BAKERY,621684.478954
2014,5,CELEBRATION,0.0
2014,5,CLEANING,1498344.0
2014,5,DAIRY,1101502.0
2014,5,DELI,379033.81404
2014,5,EGGS,268064.0
2014,5,FROZEN FOODS,180817.965954
2014,5,GROCERY I,5316352.218
2014,5,GROCERY II,32084.0
2014,5,HARDWARE,1519.0
2014,5,HOME AND KITCHEN I,0.0
2014,5,HOME AND KITCHEN II,0.0
2014,5,HOME APPLIANCES,655.0
2014,5,HOME CARE,0.0
2014,5,LADIESWEAR,0.0
2014,5,LAWN AND GARDEN,7093.0
2014,5,LINGERIE,13393.0
2014,5,"LIQUOR,WINE,BEER",126235.0
2014,5,MAGAZINES,0.0
2014,5,MEATS,547591.432618
2014,5,PERSONAL CARE,399326.0
2014,5,PET SUPPLIES,0.0
2014,5,PLAYERS AND ELECTRONICS,0.0
2014,5,POULTRY,600606.514715
2014,5,PREPARED FOODS,147016.807927
2014,5,PRODUCE,9094.0
2014,5,SCHOOL AND OFFICE SUPPLIES,0.0
2014,5,SEAFOOD,35898.0289895
2014,6,AUTOMOTIVE,8230.0
2014,6,BABY CARE,0.0
2014,6,BEAUTY,3545.0
2014,6,BEVERAGES,2100878.0
2014,6,BOOKS,0.0
2014,6,BREAD/BAKERY,649177.492126
2014,6,CELEBRATION,0.0
2014,6,CLEANING,1482407.0
2014,6,DAIRY,1091265.0
2014,6,DELI,374419.096704
2014,6,EGGS,263067.0
2014,6,FROZEN FOODS,175937.427012
2014,6,GROCERY I,5263411.717
2014,6,GROCERY II,33102.0
2014,6,HARDWARE,1477.0
2014,6,HOME AND KITCHEN I,0.0
2014,6,HOME AND KITCHEN II,0.0
2014,6,HOME APPLIANCES,593.0
2014,6,HOME CARE,0.0
2014,6,LADIESWEAR,0.0
2014,6,LAWN AND GARDEN,5871.0
2014,6,LINGERIE,12383.0
2014,6,"LIQUOR,WINE,BEER",135899.0
2014,6,MAGAZINES,0.0
2014,6,MEATS,552050.965793
2014,6,PERSONAL CARE,388943.0
2014,6,PET SUPPLIES,0.0
2014,6,PLAYERS AND ELECTRONICS,0.0
2014,6,POULTRY,589002.147832
2014,6,PREPARED FOODS,145496.405228
2014,6,PRODUCE,8283.0
2014,6,SCHOOL AND OFFICE SUPPLIES,0.0
2014,6,SEAFOOD,34519.9213066
2014,7,AUTOMOTIVE,9481.0
2014,7,BABY CARE,163.0
2014,7,BEAUTY,4996.0
2014,7,BEVERAGES,4175817.0
2014,7,BOOKS,0.0
2014,7,BREAD/BAKERY,687980.14383
2014,7,CELEBRATION,18153.0
2014,7,CLEANING,1679291.0
2014,7,DAIRY,1088790.0
2014,7,DELI,375441.028308
2014,7,EGGS,264617.0
2014,7,FROZEN FOODS,190003.149993
2014,7,GROCERY I,5286220.824
2014,7,GROCERY II,32961.0
2014,7,HARDWARE,2042.0
2014,7,HOME AND KITCHEN I,41229.0
2014,7,HOME AND KITCHEN II,17353.0
2014,7,HOME APPLIANCES,644.0
2014,7,HOME CARE,426838.0
2014,7,LADIESWEAR,19988.0
2014,7,LAWN AND GARDEN,7230.0
2014,7,LINGERIE,12308.0
2014,7,"LIQUOR,WINE,BEER",114929.0
2014,7,MAGAZINES,1898.0
2014,7,MEATS,538998.210029
2014,7,PERSONAL CARE,401355.0
2014,7,PET SUPPLIES,7549.0
2014,7,PLAYERS AND ELECTRONICS,12768.0
2014,7,POULTRY,600019.099819
2014,7,PREPARED FOODS,151042.76095
2014,7,PRODUCE,3216023.256304
2014,7,SCHOOL AND OFFICE SUPPLIES,1958.0
2014,7,SEAFOOD,33804.5705894
2014,8,AUTOMOTIVE,9309.0
2014,8,BABY CARE,0.0
2014,8,BEAUTY,4975.0
2014,8,BEVERAGES,2109229.0
2014,8,BOOKS,0.0
2014,8,BREAD/BAKERY,767589.38916
2014,8,CELEBRATION,0.0
2014,8,CLEANING,1576156.0
2014,8,DAIRY,1075861.0
2014,8,DELI,398869.28309
2014,8,EGGS,291326.0
2014,8,FROZEN FOODS,179060.996057
2014,8,GROCERY I,5503241.316
2014,8,GROCERY II,33125.0
2014,8,HARDWARE,1564.0
2014,8,HOME AND KITCHEN I,0.0
2014,8,HOME AND KITCHEN II,0.0
2014,8,HOME APPLIANCES,867.0
2014,8,HOME CARE,0.0
2014,8,LADIESWEAR,0.0
2014,8,LAWN AND GARDEN,7461.0
2014,8,LINGERIE,13172.0
2014,8,"LIQUOR,WINE,BEER",114941.0
2014,8,MAGAZINES,0.0
2014,8,MEATS,563615.859131
2014,8,PERSONAL CARE,419124.0
2014,8,PET SUPPLIES,0.0
2014,8,PLAYERS AND ELECTRONICS,0.0
2014,8,POULTRY,626266.605564
2014,8,PREPARED FOODS,147313.44107
2014,8,PRODUCE,8265.0
2014,8,SCHOOL AND OFFICE SUPPLIES,0.0
2014,8,SEAFOOD,33844.5289822
2014,9,AUTOMOTIVE,9229.0
2014,9,BABY CARE,160.0
2014,9,BEAUTY,4990.0
2014,9,BEVERAGES,4304900.0
2014,9,BOOKS,0.0
2014,9,BREAD/BAKERY,818636.99019
2014,9,CELEBRATION,22283.0
2014,9,CLEANING,1644862.0
2014,9,DAIRY,1154050.0
2014,9,DELI,389051.502884
2014,9,EGGS,302659.0
2014,9,FROZEN FOODS,176918.065977
2014,9,GROCERY I,5348264.352
2014,9,GROCERY II,32813.0
2014,9,HARDWARE,2103.0
2014,9,HOME AND KITCHEN I,40569.0
2014,9,HOME AND KITCHEN II,17974.0
2014,9,HOME APPLIANCES,964.0
2014,9,HOME CARE,426419.0
2014,9,LADIESWEAR,21962.0
2014,9,LAWN AND GARDEN,6789.0
2014,9,LINGERIE,14686.0
2014,9,"LIQUOR,WINE,BEER",100081.0
2014,9,MAGAZINES,2628.0
2014,9,MEATS,556392.882056
2014,9,PERSONAL CARE,376891.0
2014,9,PET SUPPLIES,7964.0
2014,9,PLAYERS AND ELECTRONICS,13432.0
2014,9,POULTRY,630431.932034
2014,9,PREPARED FOODS,151729.928132
2014,9,PRODUCE,3388714.61249
2014,9,SCHOOL AND OFFICE SUPPLIES,18367.0
2014,9,SEAFOOD,35500.8480466
2014,10,AUTOMOTIVE,9933.0
2014,10,BABY CARE,50.0
2014,10,BEAUTY,5041.0
2014,10,BEVERAGES,4370286.0
2014,10,BOOKS,0.0
2014,10,BREAD/BAKERY,777683.66482
2014,10,CELEBRATION,21706.0
2014,10,CLEANING,1686919.0
2014,10,DAIRY,1165505.0
2014,10,DELI,394293.122998
2014,10,EGGS,311349.0
2014,10,FROZEN FOODS,181085.456015
2014,10,GROCERY I,5544867.381
2014,10,GROCERY II,33367.0
2014,10,HARDWARE,1611.0
2014,10,HOME AND KITCHEN I,44287.0
2014,10,HOME AND KITCHEN II,18436.0
2014,10,HOME APPLIANCES,818.0
2014,10,HOME CARE,430591.0
2014,10,LADIESWEAR,21009.0
2014,10,LAWN AND GARDEN,8194.0
2014,10,LINGERIE,13102.0
2014,10,"LIQUOR,WINE,BEER",116431.0
2014,10,MAGAZINES,1959.0
2014,10,MEATS,569356.219706
2014,10,PERSONAL CARE,425426.0
2014,10,PET SUPPLIES,8185.0
2014,10,PLAYERS AND ELECTRONICS,13015.0
2014,10,POULTRY,635465.697194
2014,10,PREPARED FOODS,160802.076142
2014,10,PRODUCE,3380437.00928
2014,10,SCHOOL AND OFFICE SUPPLIES,3026.0
2014,10,SEAFOOD,41864.6870221
2014,11,AUTOMOTIVE,9452.0
2014,11,BABY CARE,5.0
2014,11,BEAUTY,5222.0
2014,11,BEVERAGES,4449114.0
2014,11,BOOKS,0.0
2014,11,BREAD/BAKERY,742784.45008
2014,11,CELEBRATION,19609.0
2014,11,CLEANING,1700773.0
2014,11,DAIRY,1152036.0
2014,11,DELI,432251.02703
2014,11,EGGS,305548.0
2014,11,FROZEN FOODS,195512.906076
2014,11,GROCERY I,5707534.215
2014,11,GROCERY II,33254.0
2014,11,HARDWARE,2200.0
2014,11,HOME AND KITCHEN I,43126.0
2014,11,HOME AND KITCHEN II,18150.0
2014,11,HOME APPLIANCES,200.0
2014,11,HOME CARE,414424.0
2014,11,LADIESWEAR,20830.0
2014,11,LAWN AND GARDEN,7496.0
2014,11,LINGERIE,10747.0
2014,11,"LIQUOR,WINE,BEER",109157.0
2014,11,MAGAZINES,1988.0
2014,11,MEATS,511825.362873
2014,11,PERSONAL CARE,430732.0
2014,11,PET SUPPLIES,9041.0
2014,11,PLAYERS AND ELECTRONICS,14396.0
2014,11,POULTRY,638615.99734
2014,11,PREPARED FOODS,156105.036057
2014,11,PRODUCE,3346861.56419
2014,11,SCHOOL AND OFFICE SUPPLIES,2546.0
2014,11,SEAFOOD,40098.6449972
2014,12,AUTOMOTIVE,10709.0
2014,12,BABY CARE,169.0
2014,12,BEAUTY,6460.0
2014,12,BEVERAGES,4852560.0
2014,12,BOOKS,0.0
2014,12,BREAD/BAKERY,744178.92184
2014,12,CELEBRATION,19987.0
2014,12,CLEANING,1981056.0
2014,12,DAIRY,1230826.0
2014,12,DELI,476338.39706
2014,12,EGGS,304481.0
2014,12,FROZEN FOODS,867860.477072
2014,12,GROCERY I,7465455.145
2014,12,GROCERY II,55858.0
2014,12,HARDWARE,2437.0
2014,12,HOME AND KITCHEN I,72326.0
2014,12,HOME AND KITCHEN II,25054.0
2014,12,HOME APPLIANCES,636.0
2014,12,HOME CARE,441482.0
2014,12,LADIESWEAR,22165.0
2014,12,LAWN AND GARDEN,7666.0
2014,12,LINGERIE,12895.0
2014,12,"LIQUOR,WINE,BEER",253019.0
2014,12,MAGAZINES,2788.0
2014,12,MEATS,531165.753638
2014,12,PERSONAL CARE,502389.0
2014,12,PET SUPPLIES,9810.0
2014,12,PLAYERS AND ELECTRONICS,19936.0
2014,12,POULTRY,684696.359094
2014,12,PREPARED FOODS,153037.453056
2014,12,PRODUCE,3545158.514066
2014,12,SCHOOL AND OFFICE SUPPLIES,1992.0
2014,12,SEAFOOD,35862.343004199996
2015,1,AUTOMOTIVE,9103.0
2015,1,BABY CARE,0.0
2015,1,BEAUTY,4160.0
2015,1,BEVERAGES,2397121.0
2015,1,BOOKS,0.0
2015,1,BREAD/BAKERY,804971.6302
2015,1,CELEBRATION,0.0
2015,1,CLEANING,1859154.0
2015,1,DAIRY,1134521.0
2015,1,DELI,474786.287988
2015,1,EGGS,313143.0
2015,1,FROZEN FOODS,215616.5710355
2015,1,GROCERY I,5557804.579
2015,1,GROCERY II,33508.0
2015,1,HARDWARE,992.0
2015,1,HOME AND KITCHEN I,46108.0
2015,1,HOME AND KITCHEN II,23644.0
2015,1,HOME APPLIANCES,1074.0
2015,1,HOME CARE,0.0
2015,1,LADIESWEAR,0.0
2015,1,LAWN AND GARDEN,6882.0
2015,1,LINGERIE,9566.0
2015,1,"LIQUOR,WINE,BEER",124571.0
2015,1,MAGAZINES,0.0
2015,1,MEATS,543117.728891
2015,1,PERSONAL CARE,492686.0
2015,1,PET SUPPLIES,0.0
2015,1,PLAYERS AND ELECTRONICS,0.0
2015,1,POULTRY,641383.382107
2015,1,PREPARED FOODS,154989.042965
2015,1,PRODUCE,7554.0
2015,1,SCHOOL AND OFFICE SUPPLIES,0.0
2015,1,SEAFOOD,40465.835012
2015,2,AUTOMOTIVE,9194.0
2015,2,BABY CARE,0.0
2015,2,BEAUTY,4377.0
2015,2,BEVERAGES,2169912.0
2015,2,BOOKS,0.0
2015,2,BREAD/BAKERY,711927.25407
2015,2,CELEBRATION,0.0
2015,2,CLEANING,1705201.0
2015,2,DAIRY,1020747.0
2015,2,DELI,439862.78801
2015,2,EGGS,283264.0
2015,2,FROZEN FOODS,187841.4619855
2015,2,GROCERY I,5284455.885
2015,2,GROCERY II,30479.0
2015,2,HARDWARE,1630.0
2015,2,HOME AND KITCHEN I,34611.0
2015,2,HOME AND KITCHEN II,26125.0
2015,2,HOME APPLIANCES,959.0
2015,2,HOME CARE,0.0
2015,2,LADIESWEAR,0.0
2015,2,LAWN AND GARDEN,7400.0
2015,2,LINGERIE,9480.0
2015,2,"LIQUOR,WINE,BEER",135762.0
2015,2,MAGAZINES,0.0
2015,2,MEATS,498735.076839
2015,2,PERSONAL CARE,429345.0
2015,2,PET SUPPLIES,0.0
2015,2,PLAYERS AND ELECTRONICS,0.0
2015,2,POULTRY,566082.175503
2015,2,PREPARED FOODS,141031.645971
2015,2,PRODUCE,7907.0
2015,2,SCHOOL AND OFFICE SUPPLIES,0.0
2015,2,SEAFOOD,36066.5610027
2015,3,AUTOMOTIVE,11554.0
2015,3,BABY CARE,0.0
2015,3,BEAUTY,4249.0
2015,3,BEVERAGES,2320034.0
2015,3,BOOKS,0.0
2015,3,BREAD/BAKERY,838120.60417
2015,3,CELEBRATION,0.0
2015,3,CLEANING,1866690.0
2015,3,DAIRY,1234851.0
2015,3,DELI,504635.508104
2015,3,EGGS,320340.0
2015,3,FROZEN FOODS,198538.323037
2015,3,GROCERY I,6149892.945
2015,3,GROCERY II,36465.0
2015,3,HARDWARE,1724.0
2015,3,HOME AND KITCHEN I,38050.0
2015,3,HOME AND KITCHEN II,28568.0
2015,3,HOME APPLIANCES,1301.0
2015,3,HOME CARE,0.0
2015,3,LADIESWEAR,0.0
2015,3,LAWN AND GARDEN,7694.0
2015,3,LINGERIE,9976.0
2015,3,"LIQUOR,WINE,BEER",139452.0
2015,3,MAGAZINES,0.0
2015,3,MEATS,546517.159221
2015,3,PERSONAL CARE,484740.0
2015,3,PET SUPPLIES,0.0
2015,3,PLAYERS AND ELECTRONICS,0.0
2015,3,POULTRY,644374.724782
2015,3,PREPARED FOODS,160126.780967
2015,3,PRODUCE,6905.0
2015,3,SCHOOL AND OFFICE SUPPLIES,0.0
2015,3,SEAFOOD,43808.473074300004
2015,4,AUTOMOTIVE,9047.0
2015,4,BABY CARE,0.0
2015,4,BEAUTY,3998.0
2015,4,BEVERAGES,2307147.0
2015,4,BOOKS,0.0
2015,4,BREAD/BAKERY,799873.21899
2015,4,CELEBRATION,0.0
2015,4,CLEANING,1830427.0
2015,4,DAIRY,1181180.0
2015,4,DELI,480224.648004
2015,4,EGGS,292364.0
2015,4,FROZEN FOODS,203933.23096
2015,4,GROCERY I,5795401.729
2015,4,GROCERY II,37913.0
2015,4,HARDWARE,1637.0
2015,4,HOME AND KITCHEN I,37432.0
2015,4,HOME AND KITCHEN II,26089.0
2015,4,HOME APPLIANCES,1131.0
2015,4,HOME CARE,0.0
2015,4,LADIESWEAR,0.0
2015,4,LAWN AND GARDEN,7340.0
2015,4,LINGERIE,11273.0
2015,4,"LIQUOR,WINE,BEER",142980.0
2015,4,MAGAZINES,2180.0
2015,4,MEATS,522304.280744
2015,4,PERSONAL CARE,455173.0
2015,4,PET SUPPLIES,0.0
2015,4,PLAYERS AND ELECTRONICS,0.0
2015,4,POULTRY,604203.471045
2015,4,PREPARED FOODS,154670.12103
2015,4,PRODUCE,7163.0
2015,4,SCHOOL AND OFFICE SUPPLIES,0.0
2015,4,SEAFOOD,39983.4710025
2015,5,AUTOMOTIVE,9329.0
2015,5,BABY CARE,0.0
2015,5,BEAUTY,5042.0
2015,5,BEVERAGES,3534100.0
2015,5,BOOKS,0.0
2015,5,BREAD/BAKERY,882514.41012
2015,5,CELEBRATION,0.0
2015,5,CLEANING,1914705.0
2015,5,DAIRY,1293308.0
2015,5,DELI,525671.48905
2015,5,EGGS,314260.0
2015,5,FROZEN FOODS,221964.151003
2015,5,GROCERY I,6373796.482
2015,5,GROCERY II,42787.0
2015,5,HARDWARE,1608.0
2015,5,HOME AND KITCHEN I,42200.0
2015,5,HOME AND KITCHEN II,37133.0
2015,5,HOME APPLIANCES,866.0
2015,5,HOME CARE,389532.0
2015,5,LADIESWEAR,0.0
2015,5,LAWN AND GARDEN,8351.0
2015,5,LINGERIE,13736.0
2015,5,"LIQUOR,WINE,BEER",147419.0
2015,5,MAGAZINES,2960.0
2015,5,MEATS,591691.899734
2015,5,PERSONAL CARE,503729.0
2015,5,PET SUPPLIES,186.0
2015,5,PLAYERS AND ELECTRONICS,0.0
2015,5,POULTRY,663035.941336
2015,5,PREPARED FOODS,157764.039051
2015,5,PRODUCE,10172.0
2015,5,SCHOOL AND OFFICE SUPPLIES,0.0
2015,5,SEAFOOD,42506.832015
2015,6,AUTOMOTIVE,9783.0
2015,6,BABY CARE,207.0
2015,6,BEAUTY,5680.0
2015,6,BEVERAGES,4767226.0
2015,6,BOOKS,0.0
2015,6,BREAD/BAKERY,824928.59909
2015,6,CELEBRATION,22116.0
2015,6,CLEANING,1765945.0
2015,6,DAIRY,1243588.0
2015,6,DELI,492229.867984
2015,6,EGGS,294412.0
2015,6,FROZEN FOODS,209088.005026
2015,6,GROCERY I,5855261.474
2015,6,GROCERY II,37675.0
2015,6,HARDWARE,1946.0
2015,6,HOME AND KITCHEN I,40381.0
2015,6,HOME AND KITCHEN II,46924.0
2015,6,HOME APPLIANCES,185.0
2015,6,HOME CARE,432310.0
2015,6,LADIESWEAR,20263.0
2015,6,LAWN AND GARDEN,7434.0
2015,6,LINGERIE,11748.0
2015,6,"LIQUOR,WINE,BEER",151923.0
2015,6,MAGAZINES,2300.0
2015,6,MEATS,565014.130035
2015,6,PERSONAL CARE,446045.0
2015,6,PET SUPPLIES,8810.0
2015,6,PLAYERS AND ELECTRONICS,13084.0
2015,6,POULTRY,616524.182189
2015,6,PREPARED FOODS,162337.996924
2015,6,PRODUCE,3519216.54399
2015,6,SCHOOL AND OFFICE SUPPLIES,1994.0
2015,6,SEAFOOD,38780.5520041
2015,7,AUTOMOTIVE,10555.0
2015,7,BABY CARE,301.0
2015,7,BEAUTY,4905.0
2015,7,BEVERAGES,4719130.0
2015,7,BOOKS,0.0
2015,7,BREAD/BAKERY,844369.56907
2015,7,CELEBRATION,22649.0
2015,7,CLEANING,1842030.0
2015,7,DAIRY,1244815.0
2015,7,DELI,511151.27598
2015,7,EGGS,299069.0
2015,7,FROZEN FOODS,213218.051001
2015,7,GROCERY I,6194259.302
2015,7,GROCERY II,38093.0
2015,7,HARDWARE,1962.0
2015,7,HOME AND KITCHEN I,45790.0
2015,7,HOME AND KITCHEN II,40924.0
2015,7,HOME APPLIANCES,26.0
2015,7,HOME CARE,465652.0
2015,7,LADIESWEAR,19655.0
2015,7,LAWN AND GARDEN,7649.0
2015,7,LINGERIE,13005.0
2015,7,"LIQUOR,WINE,BEER",143987.0
2015,7,MAGAZINES,3025.0
2015,7,MEATS,594903.677368
2015,7,PERSONAL CARE,466584.0
2015,7,PET SUPPLIES,8056.0
2015,7,PLAYERS AND ELECTRONICS,14650.0
2015,7,POULTRY,641989.035386
2015,7,PREPARED FOODS,173992.749984
2015,7,PRODUCE,3583142.789944
2015,7,SCHOOL AND OFFICE SUPPLIES,1545.0
2015,7,SEAFOOD,38535.5880059
2015,8,AUTOMOTIVE,11156.0
2015,8,BABY CARE,417.0
2015,8,BEAUTY,6416.0
2015,8,BEVERAGES,4935188.0
2015,8,BOOKS,0.0
2015,8,BREAD/BAKERY,859257.82827
2015,8,CELEBRATION,24634.0
2015,8,CLEANING,1920666.0
2015,8,DAIRY,1263428.0
2015,8,DELI,525126.166004
2015,8,EGGS,303087.0
2015,8,FROZEN FOODS,211230.015015
2015,8,GROCERY I,6558197.975
2015,8,GROCERY II,37712.0
2015,8,HARDWARE,2180.0
2015,8,HOME AND KITCHEN I,41277.0
2015,8,HOME AND KITCHEN II,44678.0
2015,8,HOME APPLIANCES,644.0
2015,8,HOME CARE,495183.0
2015,8,LADIESWEAR,20255.0
2015,8,LAWN AND GARDEN,7424.0
2015,8,LINGERIE,14640.0
2015,8,"LIQUOR,WINE,BEER",142775.0
2015,8,MAGAZINES,2678.0
2015,8,MEATS,581214.143026
2015,8,PERSONAL CARE,499242.0
2015,8,PET SUPPLIES,9231.0
2015,8,PLAYERS AND ELECTRONICS,19021.0
2015,8,POULTRY,635224.973362
2015,8,PREPARED FOODS,175323.635927
2015,8,PRODUCE,3562251.92368
2015,8,SCHOOL AND OFFICE SUPPLIES,16148.0
2015,8,SEAFOOD,37767.5809975
2015,9,AUTOMOTIVE,9699.0
2015,9,BABY CARE,359.0
2015,9,BEAUTY,6338.0
2015,9,BEVERAGES,5497255.0
2015,9,BOOKS,0.0
2015,9,BREAD/BAKERY,850992.04703
2015,9,CELEBRATION,23634.0
2015,9,CLEANING,1898402.0
2015,9,DAIRY,1224619.0
2015,9,DELI,518201.89304
2015,9,EGGS,285324.0
2015,9,FROZEN FOODS,201180.617978
2015,9,GROCERY I,6432350.409
2015,9,GROCERY II,35638.0
2015,9,HARDWARE,2119.0
2015,9,HOME AND KITCHEN I,45328.0
2015,9,HOME AND KITCHEN II,43258.0
2015,9,HOME APPLIANCES,317.0
2015,9,HOME CARE,464185.0
2015,9,LADIESWEAR,20785.0
2015,9,LAWN AND GARDEN,7567.0
2015,9,LINGERIE,13715.0
2015,9,"LIQUOR,WINE,BEER",123645.0
2015,9,MAGAZINES,2402.0
2015,9,MEATS,562711.633157
2015,9,PERSONAL CARE,498625.0
2015,9,PET SUPPLIES,7010.0
2015,9,PLAYERS AND ELECTRONICS,18213.0
2015,9,POULTRY,614447.425565
2015,9,PREPARED FOODS,175876.483981
2015,9,PRODUCE,3599059.59415
2015,9,SCHOOL AND OFFICE SUPPLIES,15719.0
2015,9,SEAFOOD,41906.3740102
2015,10,AUTOMOTIVE,13483.0
2015,10,BABY CARE,62.0
2015,10,BEAUTY,7410.0
2015,10,BEVERAGES,5307322.0
2015,10,BOOKS,0.0
2015,10,BREAD/BAKERY,838459.12483
2015,10,CELEBRATION,27909.0
2015,10,CLEANING,1900911.0
2015,10,DAIRY,1314827.0
2015,10,DELI,500247.62201
2015,10,EGGS,289616.0
2015,10,FROZEN FOODS,217848.296939
2015,10,GROCERY I,6985096.258
2015,10,GROCERY II,33959.0
2015,10,HARDWARE,2027.0
2015,10,HOME AND KITCHEN I,59354.0
2015,10,HOME AND KITCHEN II,91028.0
2015,10,HOME APPLIANCES,758.0
2015,10,HOME CARE,460249.0
2015,10,LADIESWEAR,18756.0
2015,10,LAWN AND GARDEN,8367.0
2015,10,LINGERIE,12827.0
2015,10,"LIQUOR,WINE,BEER",148053.0
2015,10,MAGAZINES,11712.0
2015,10,MEATS,580788.361242
2015,10,PERSONAL CARE,499639.0
2015,10,PET SUPPLIES,8782.0
2015,10,PLAYERS AND ELECTRONICS,16580.0
2015,10,POULTRY,679503.3993027
2015,10,PREPARED FOODS,182636.189045
2015,10,PRODUCE,3615706.45023
2015,10,SCHOOL AND OFFICE SUPPLIES,2927.0
2015,10,SEAFOOD,41423.9629634
2015,11,AUTOMOTIVE,11777.0
2015,11,BABY CARE,4.0
2015,11,BEAUTY,7884.0
2015,11,BEVERAGES,4994499.0
2015,11,BOOKS,0.0
2015,11,BREAD/BAKERY,791100.24677
2015,11,CELEBRATION,23811.0
2015,11,CLEANING,1783214.0
2015,11,DAIRY,1283672.0
2015,11,DELI,432527.620994
2015,11,EGGS,279691.0
2015,11,FROZEN FOODS,228244.666025
2015,11,GROCERY I,6687613.611
2015,11,GROCERY II,32543.0
2015,11,HARDWARE,2160.0
2015,11,HOME AND KITCHEN I,55080.0
2015,11,HOME AND KITCHEN II,34511.0
2015,11,HOME APPLIANCES,904.0
2015,11,HOME CARE,432222.0
2015,11,LADIESWEAR,18063.0
2015,11,LAWN AND GARDEN,7569.0
2015,11,LINGERIE,10663.0
2015,11,"LIQUOR,WINE,BEER",139034.0
2015,11,MAGAZINES,8615.0
2015,11,MEATS,535908.927954
2015,11,PERSONAL CARE,472022.0
2015,11,PET SUPPLIES,10338.0
2015,11,PLAYERS AND ELECTRONICS,15864.0
2015,11,POULTRY,662504.421116
2015,11,PREPARED FOODS,177277.299061
2015,11,PRODUCE,3624200.81428
2015,11,SCHOOL AND OFFICE SUPPLIES,2612.0
2015,11,SEAFOOD,38823.7610112
2015,12,AUTOMOTIVE,12667.0
2015,12,BABY CARE,179.0
2015,12,BEAUTY,8266.0
2015,12,BEVERAGES,5476961.0
2015,12,BOOKS,0.0
2015,12,BREAD/BAKERY,774252.76412
2015,12,CELEBRATION,29133.0
2015,12,CLEANING,2094086.0
2015,12,DAIRY,1394582.0
2015,12,DELI,490186.060992
2015,12,EGGS,277802.0
2015,12,FROZEN FOODS,1236634.193202
2015,12,GROCERY I,8354408.355
2015,12,GROCERY II,61021.0
2015,12,HARDWARE,2417.0
2015,12,HOME AND KITCHEN I,73710.0
2015,12,HOME AND KITCHEN II,59209.0
2015,12,HOME APPLIANCES,992.0
2015,12,HOME CARE,480217.0
2015,12,LADIESWEAR,19045.0
2015,12,LAWN AND GARDEN,7822.0
2015,12,LINGERIE,10072.0
2015,12,"LIQUOR,WINE,BEER",275241.0
2015,12,MAGAZINES,12504.0
2015,12,MEATS,567381.391078
2015,12,PERSONAL CARE,547757.0
2015,12,PET SUPPLIES,10370.0
2015,12,PLAYERS AND ELECTRONICS,19916.0
2015,12,POULTRY,679621.19214
2015,12,PREPARED FOODS,178843.000085
2015,12,PRODUCE,4052565.440184
2015,12,SCHOOL AND OFFICE SUPPLIES,2392.0
2015,12,SEAFOOD,33728.2769727
2016,1,AUTOMOTIVE,12119.0
2016,1,BABY CARE,311.0
2016,1,BEAUTY,7020.0
2016,1,BEVERAGES,5307788.0
2016,1,BOOKS,0.0
2016,1,BREAD/BAKERY,814228.83333
2016,1,CELEBRATION,22917.0
2016,1,CLEANING,1969534.0
2016,1,DAIRY,1354875.0
2016,1,DELI,481682.521008
2016,1,EGGS,284872.0
2016,1,FROZEN FOODS,243267.786982
2016,1,GROCERY I,6679403.034
2016,1,GROCERY II,34735.0
2016,1,HARDWARE,1846.0
2016,1,HOME AND KITCHEN I,44227.0
2016,1,HOME AND KITCHEN II,47808.0
2016,1,HOME APPLIANCES,979.0
2016,1,HOME CARE,474959.0
2016,1,LADIESWEAR,18331.0
2016,1,LAWN AND GARDEN,7585.0
2016,1,LINGERIE,7914.0
2016,1,"LIQUOR,WINE,BEER",127514.0
2016,1,MAGAZINES,8376.0
2016,1,MEATS,591097.190342
2016,1,PERSONAL CARE,560083.0
2016,1,PET SUPPLIES,10644.0
2016,1,PLAYERS AND ELECTRONICS,14277.0
2016,1,POULTRY,647947.552835
2016,1,PREPARED FOODS,178495.95
2016,1,PRODUCE,3980591.69598
2016,1,SCHOOL AND OFFICE SUPPLIES,3108.0
2016,1,SEAFOOD,39268.3209571
2016,2,AUTOMOTIVE,12185.0
2016,2,BABY CARE,418.0
2016,2,BEAUTY,6702.0
2016,2,BEVERAGES,4730609.0
2016,2,BOOKS,0.0
2016,2,BREAD/BAKERY,746452.085035
2016,2,CELEBRATION,22105.0
2016,2,CLEANING,1759007.0
2016,2,DAIRY,1250980.0
2016,2,DELI,439429.477934
2016,2,EGGS,269977.0
2016,2,FROZEN FOODS,218880.030053
2016,2,GROCERY I,6302594.085
2016,2,GROCERY II,31675.0
2016,2,HARDWARE,2107.0
2016,2,HOME AND KITCHEN I,34421.0
2016,2,HOME AND KITCHEN II,49257.0
2016,2,HOME APPLIANCES,950.0
2016,2,HOME CARE,418817.0
2016,2,LADIESWEAR,16438.0
2016,2,LAWN AND GARDEN,7977.0
2016,2,LINGERIE,8609.0
2016,2,"LIQUOR,WINE,BEER",151467.0
2016,2,MAGAZINES,10715.0
2016,2,MEATS,544954.45565
2016,2,PERSONAL CARE,473164.0
2016,2,PET SUPPLIES,8959.0
2016,2,PLAYERS AND ELECTRONICS,13385.0
2016,2,POULTRY,623956.104828
2016,2,PREPARED FOODS,166330.143981
2016,2,PRODUCE,3585008.59157
2016,2,SCHOOL AND OFFICE SUPPLIES,2815.0
2016,2,SEAFOOD,37064.8269518
2016,3,AUTOMOTIVE,12058.0
2016,3,BABY CARE,442.0
2016,3,BEAUTY,7133.0
2016,3,BEVERAGES,4967615.0
2016,3,BOOKS,0.0
2016,3,BREAD/BAKERY,824698.63703
2016,3,CELEBRATION,23386.0
2016,3,CLEANING,1770695.0
2016,3,DAIRY,1411860.0
2016,3,DELI,456444.94902
2016,3,EGGS,291765.0
2016,3,FROZEN FOODS,215647.990991
2016,3,GROCERY I,6717593.188
2016,3,GROCERY II,32494.0
2016,3,HARDWARE,2167.0
2016,3,HOME AND KITCHEN I,42891.0
2016,3,HOME AND KITCHEN II,42174.0
2016,3,HOME APPLIANCES,503.0
2016,3,HOME CARE,439423.0
2016,3,LADIESWEAR,18504.0
2016,3,LAWN AND GARDEN,8285.0
2016,3,LINGERIE,8083.0
2016,3,"LIQUOR,WINE,BEER",147530.0
2016,3,MAGAZINES,9977.0
2016,3,MEATS,543454.35006
2016,3,PERSONAL CARE,487105.0
2016,3,PET SUPPLIES,9677.0
2016,3,PLAYERS AND ELECTRONICS,14326.0
2016,3,POULTRY,616070.227746
2016,3,PREPARED FOODS,180492.361001
2016,3,PRODUCE,3786813.37098
2016,3,SCHOOL AND OFFICE SUPPLIES,3218.0
2016,3,SEAFOOD,39254.8089919
2016,4,AUTOMOTIVE,11631.0
2016,4,BABY CARE,365.0
2016,4,BEAUTY,8293.0
2016,4,BEVERAGES,5694504.0
2016,4,BOOKS,0.0
2016,4,BREAD/BAKERY,854779.90178
2016,4,CELEBRATION,23010.0
2016,4,CLEANING,1984042.0
2016,4,DAIRY,1427146.0
2016,4,DELI,475840.183096
2016,4,EGGS,294315.0
2016,4,FROZEN FOODS,212614.846006
2016,4,GROCERY I,8408542.133
2016,4,GROCERY II,34390.0
2016,4,HARDWARE,2385.0
2016,4,HOME AND KITCHEN I,41988.0
2016,4,HOME AND KITCHEN II,46397.0
2016,4,HOME APPLIANCES,430.0
2016,4,HOME CARE,540762.0
2016,4,LADIESWEAR,18301.0
2016,4,LAWN AND GARDEN,7710.0
2016,4,LINGERIE,8843.0
2016,4,"LIQUOR,WINE,BEER",129750.0
2016,4,MAGAZINES,11227.0
2016,4,MEATS,583662.4468129
2016,4,PERSONAL CARE,621247.0
2016,4,PET SUPPLIES,10963.0
2016,4,PLAYERS AND ELECTRONICS,18583.0
2016,4,POULTRY,645681.331094
2016,4,PREPARED FOODS,175991.307998
2016,4,PRODUCE,3621327.48513
2016,4,SCHOOL AND OFFICE SUPPLIES,8950.0
2016,4,SEAFOOD,39353.4670453
2016,5,AUTOMOTIVE,11839.0
2016,5,BABY CARE,455.0
2016,5,BEAUTY,7460.0
2016,5,BEVERAGES,5198351.0
2016,5,BOOKS,0.0
2016,5,BREAD/BAKERY,929525.61024
2016,5,CELEBRATION,23049.0
2016,5,CLEANING,1954871.0
2016,5,DAIRY,1520885.0
2016,5,DELI,491731.432006
2016,5,EGGS,307394.0
2016,5,FROZEN FOODS,226919.323943
2016,5,GROCERY I,7428993.997
2016,5,GROCERY II,36873.0
2016,5,HARDWARE,2001.0
2016,5,HOME AND KITCHEN I,45617.0
2016,5,HOME AND KITCHEN II,45026.0
2016,5,HOME APPLIANCES,1020.0
2016,5,HOME CARE,480596.0
2016,5,LADIESWEAR,20948.0
2016,5,LAWN AND GARDEN,8964.0
2016,5,LINGERIE,11327.0
2016,5,"LIQUOR,WINE,BEER",138220.0
2016,5,MAGAZINES,10676.0
2016,5,MEATS,591532.731223
2016,5,PERSONAL CARE,553838.0
2016,5,PET SUPPLIES,11160.0
2016,5,PLAYERS AND ELECTRONICS,15911.0
2016,5,POULTRY,645478.513026
2016,5,PREPARED FOODS,175327.396089
2016,5,PRODUCE,3832996.612716
2016,5,SCHOOL AND OFFICE SUPPLIES,10427.0
2016,5,SEAFOOD,40018.6439847
2016,6,AUTOMOTIVE,9936.0
2016,6,BABY CARE,436.0
2016,6,BEAUTY,7232.0
2016,6,BEVERAGES,4463076.0
2016,6,BOOKS,0.0
2016,6,BREAD/BAKERY,875785.68722
2016,6,CELEBRATION,22204.0
2016,6,CLEANING,1762409.0
2016,6,DAIRY,1373631.0
2016,6,DELI,446243.38405
2016,6,EGGS,290942.0
2016,6,FROZEN FOODS,205615.886953
2016,6,GROCERY I,6630982.804
2016,6,GROCERY II,34731.0
2016,6,HARDWARE,1722.0
2016,6,HOME AND KITCHEN I,45512.0
2016,6,HOME AND KITCHEN II,39878.0
2016,6,HOME APPLIANCES,455.0
2016,6,HOME CARE,414720.0
2016,6,LADIESWEAR,18149.0
2016,6,LAWN AND GARDEN,8484.0
2016,6,LINGERIE,7038.0
2016,6,"LIQUOR,WINE,BEER",135339.0
2016,6,MAGAZINES,9022.0
2016,6,MEATS,557547.144229
2016,6,PERSONAL CARE,465449.0
2016,6,PET SUPPLIES,9463.0
2016,6,PLAYERS AND ELECTRONICS,13517.0
2016,6,POULTRY,593441.9426755
2016,6,PREPARED FOODS,166893.046994
2016,6,PRODUCE,3560052.78525
2016,6,SCHOOL AND OFFICE SUPPLIES,2461.0
2016,6,SEAFOOD,36849.8990121
2016,7,AUTOMOTIVE,11549.0
2016,7,BABY CARE,381.0
2016,7,BEAUTY,9043.0
2016,7,BEVERAGES,4837784.0
2016,7,BOOKS,0.0
2016,7,BREAD/BAKERY,904726.56619
2016,7,CELEBRATION,23026.0
2016,7,CLEANING,1857295.0
2016,7,DAIRY,1412688.0
2016,7,DELI,483486.869006
2016,7,EGGS,304831.0
2016,7,FROZEN FOODS,215952.237985
2016,7,GROCERY I,6970735.675
2016,7,GROCERY II,24388.0
2016,7,HARDWARE,2013.0
2016,7,HOME AND KITCHEN I,59254.0
2016,7,HOME AND KITCHEN II,40157.0
2016,7,HOME APPLIANCES,358.0
2016,7,HOME CARE,477706.0
2016,7,LADIESWEAR,19037.0
2016,7,LAWN AND GARDEN,8640.0
2016,7,LINGERIE,8040.0
2016,7,"LIQUOR,WINE,BEER",179266.0
2016,7,MAGAZINES,10498.0
2016,7,MEATS,607702.419729
2016,7,PERSONAL CARE,498521.0
2016,7,PET SUPPLIES,10279.0
2016,7,PLAYERS AND ELECTRONICS,15342.0
2016,7,POULTRY,643886.70543
2016,7,PREPARED FOODS,174941.788953
2016,7,PRODUCE,3609957.43776
2016,7,SCHOOL AND OFFICE SUPPLIES,1746.0
2016,7,SEAFOOD,39440.7330506
2016,8,AUTOMOTIVE,10792.0
2016,8,BABY CARE,457.0
2016,8,BEAUTY,8774.0
2016,8,BEVERAGES,4864024.0
2016,8,BOOKS,0.0
2016,8,BREAD/BAKERY,859934.09698
2016,8,CELEBRATION,22353.0
2016,8,CLEANING,1765779.0
2016,8,DAIRY,1330689.0
2016,8,DELI,456744.74002
2016,8,EGGS,289890.0
2016,8,FROZEN FOODS,196778.563997
2016,8,GROCERY I,6523503.729
2016,8,GROCERY II,29200.0
2016,8,HARDWARE,1966.0
2016,8,HOME AND KITCHEN I,45010.0
2016,8,HOME AND KITCHEN II,37050.0
2016,8,HOME APPLIANCES,537.0
2016,8,HOME CARE,458403.0
2016,8,LADIESWEAR,17133.0
2016,8,LAWN AND GARDEN,8968.0
2016,8,LINGERIE,8893.0
2016,8,"LIQUOR,WINE,BEER",151444.0
2016,8,MAGAZINES,9904.0
2016,8,MEATS,568488.623049
2016,8,PERSONAL CARE,462022.0
2016,8,PET SUPPLIES,10211.0
2016,8,PLAYERS AND ELECTRONICS,15084.0
2016,8,POULTRY,586723.178445
2016,8,PREPARED FOODS,165052.257914
2016,8,PRODUCE,3489905.476504
2016,8,SCHOOL AND OFFICE SUPPLIES,17214.0
2016,8,SEAFOOD,39486.6519859
2016,9,AUTOMOTIVE,9058.0
2016,9,BABY CARE,488.0
2016,9,BEAUTY,8284.0
2016,9,BEVERAGES,4827054.0
2016,9,BOOKS,0.0
2016,9,BREAD/BAKERY,850418.166
2016,9,CELEBRATION,22397.0
2016,9,CLEANING,1808140.0
2016,9,DAIRY,1360984.0
2016,9,DELI,451844.475966
2016,9,EGGS,290414.0
2016,9,FROZEN FOODS,193123.510981
2016,9,GROCERY I,6529649.012
2016,9,GROCERY II,29064.0
2016,9,HARDWARE,1610.0
2016,9,HOME AND KITCHEN I,46986.0
2016,9,HOME AND KITCHEN II,38618.0
2016,9,HOME APPLIANCES,399.0
2016,9,HOME CARE,456890.0
2016,9,LADIESWEAR,19328.0
2016,9,LAWN AND GARDEN,8620.0
2016,9,LINGERIE,10181.0
2016,9,"LIQUOR,WINE,BEER",130865.0
2016,9,MAGAZINES,9987.0
2016,9,MEATS,564988.491109
2016,9,PERSONAL CARE,471682.0
2016,9,PET SUPPLIES,10978.0
2016,9,PLAYERS AND ELECTRONICS,14950.0
2016,9,POULTRY,591788.740321
2016,9,PREPARED FOODS,168945.953003
2016,9,PRODUCE,3427137.60763
2016,9,SCHOOL AND OFFICE SUPPLIES,23556.0
2016,9,SEAFOOD,39019.1399867
2016,10,AUTOMOTIVE,10728.0
2016,10,BABY CARE,476.0
2016,10,BEAUTY,9634.0
2016,10,BEVERAGES,5161401.0
2016,10,BOOKS,1783.0
2016,10,BREAD/BAKERY,874873.8629
2016,10,CELEBRATION,23307.0
2016,10,CLEANING,1880695.0
2016,10,DAIRY,1434197.0
2016,10,DELI,478863.641948
2016,10,EGGS,339491.0
2016,10,FROZEN FOODS,208731.980014
2016,10,GROCERY I,7116713.744
2016,10,GROCERY II,31113.0
2016,10,HARDWARE,1768.0
2016,10,HOME AND KITCHEN I,47305.0
2016,10,HOME AND KITCHEN II,39857.0
2016,10,HOME APPLIANCES,188.0
2016,10,HOME CARE,476315.0
2016,10,LADIESWEAR,19503.0
2016,10,LAWN AND GARDEN,8571.0
2016,10,LINGERIE,9798.0
2016,10,"LIQUOR,WINE,BEER",138363.0
2016,10,MAGAZINES,10993.0
2016,10,MEATS,672115.441115
2016,10,PERSONAL CARE,481666.0
2016,10,PET SUPPLIES,12477.0
2016,10,PLAYERS AND ELECTRONICS,16738.0
2016,10,POULTRY,631524.957142
2016,10,PREPARED FOODS,174430.583864
2016,10,PRODUCE,3673368.54929
2016,10,SCHOOL AND OFFICE SUPPLIES,3128.0
2016,10,SEAFOOD,40272.056019
2016,11,AUTOMOTIVE,10778.0
2016,11,BABY CARE,452.0
2016,11,BEAUTY,10307.0
2016,11,BEVERAGES,5628678.0
2016,11,BOOKS,1309.0
2016,11,BREAD/BAKERY,854292.54703
2016,11,CELEBRATION,20567.0
2016,11,CLEANING,1884280.0
2016,11,DAIRY,1472571.0
2016,11,DELI,503415.142948
2016,11,EGGS,334923.0
2016,11,FROZEN FOODS,229684.324995
2016,11,GROCERY I,7322874.638
2016,11,GROCERY II,30836.0
2016,11,HARDWARE,2090.0
2016,11,HOME AND KITCHEN I,46169.0
2016,11,HOME AND KITCHEN II,42352.0
2016,11,HOME APPLIANCES,225.0
2016,11,HOME CARE,490281.0
2016,11,LADIESWEAR,17775.0
2016,11,LAWN AND GARDEN,8859.0
2016,11,LINGERIE,9398.0
2016,11,"LIQUOR,WINE,BEER",155417.0
2016,11,MAGAZINES,9962.0
2016,11,MEATS,578954.065451
2016,11,PERSONAL CARE,505907.0
2016,11,PET SUPPLIES,11452.0
2016,11,PLAYERS AND ELECTRONICS,17485.0
2016,11,POULTRY,633331.222286
2016,11,PREPARED FOODS,164817.207884
2016,11,PRODUCE,3605235.8078
2016,11,SCHOOL AND OFFICE SUPPLIES,2543.0
2016,11,SEAFOOD,35419.2409995
2016,12,AUTOMOTIVE,12442.0
2016,12,BABY CARE,485.0
2016,12,BEAUTY,9596.0
2016,12,BEVERAGES,6066803.0
2016,12,BOOKS,1027.0
2016,12,BREAD/BAKERY,862895.51316
2016,12,CELEBRATION,30438.0
2016,12,CLEANING,2232180.0
2016,12,DAIRY,1616687.0
2016,12,DELI,565027.954086
2016,12,EGGS,338712.0
2016,12,FROZEN FOODS,1160601.887303
2016,12,GROCERY I,9454952.927
2016,12,GROCERY II,61061.0
2016,12,HARDWARE,2297.0
2016,12,HOME AND KITCHEN I,76651.0
2016,12,HOME AND KITCHEN II,52481.0
2016,12,HOME APPLIANCES,489.0
2016,12,HOME CARE,501721.0
2016,12,LADIESWEAR,18174.0
2016,12,LAWN AND GARDEN,25936.0
2016,12,LINGERIE,11600.0
2016,12,"LIQUOR,WINE,BEER",307717.0
2016,12,MAGAZINES,12692.0
2016,12,MEATS,606028.189242
2016,12,PERSONAL CARE,583353.0
2016,12,PET SUPPLIES,13730.0
2016,12,PLAYERS AND ELECTRONICS,26175.0
2016,12,POULTRY,701211.383981
2016,12,PREPARED FOODS,177356.454062
2016,12,PRODUCE,4075705.02255
2016,12,SCHOOL AND OFFICE SUPPLIES,2050.0
2016,12,SEAFOOD,32011.2480011
2017,1,AUTOMOTIVE,11134.0
2017,1,BABY CARE,488.0
2017,1,BEAUTY,10272.0
2017,1,BEVERAGES,6150083.0
2017,1,BOOKS,774.0
2017,1,BREAD/BAKERY,941283.9517
2017,1,CELEBRATION,22009.0
2017,1,CLEANING,2057668.0
2017,1,DAIRY,1572252.0
2017,1,DELI,515412.20295
2017,1,EGGS,315964.0
2017,1,FROZEN FOODS,226038.717031
2017,1,GROCERY I,7419753.694
2017,1,GROCERY II,33194.0
2017,1,HARDWARE,2015.0
2017,1,HOME AND KITCHEN I,75119.0
2017,1,HOME AND KITCHEN II,42719.0
2017,1,HOME APPLIANCES,760.0
2017,1,HOME CARE,521093.0
2017,1,LADIESWEAR,20809.0
2017,1,LAWN AND GARDEN,24145.0
2017,1,LINGERIE,10888.0
2017,1,"LIQUOR,WINE,BEER",130668.0
2017,1,MAGAZINES,9563.0
2017,1,MEATS,614947.5621559999
2017,1,PERSONAL CARE,599662.0
2017,1,PET SUPPLIES,13286.0
2017,1,PLAYERS AND ELECTRONICS,19958.0
2017,1,POULTRY,677062.5948
2017,1,PREPARED FOODS,187944.610045
2017,1,PRODUCE,4060896.89895
2017,1,SCHOOL AND OFFICE SUPPLIES,2875.0
2017,1,SEAFOOD,37421.7040731
2017,2,AUTOMOTIVE,11936.0
2017,2,BABY CARE,441.0
2017,2,BEAUTY,8118.0
2017,2,BEVERAGES,5088308.0
2017,2,BOOKS,549.0
2017,2,BREAD/BAKERY,845823.21044
2017,2,CELEBRATION,20470.0
2017,2,CLEANING,1887332.0
2017,2,DAIRY,1384714.0
2017,2,DELI,472868.999906
2017,2,EGGS,281068.0
2017,2,FROZEN FOODS,204147.453955
2017,2,GROCERY I,6774372.37
2017,2,GROCERY II,31892.0
2017,2,HARDWARE,1894.0
2017,2,HOME AND KITCHEN I,58052.0
2017,2,HOME AND KITCHEN II,44252.0
2017,2,HOME APPLIANCES,909.0
2017,2,HOME CARE,459063.0
2017,2,LADIESWEAR,17874.0
2017,2,LAWN AND GARDEN,29609.0
2017,2,LINGERIE,9875.0
2017,2,"LIQUOR,WINE,BEER",144882.0
2017,2,MAGAZINES,10200.0
2017,2,MEATS,552648.962733
2017,2,PERSONAL CARE,502036.0
2017,2,PET SUPPLIES,12604.0
2017,2,PLAYERS AND ELECTRONICS,17003.0
2017,2,POULTRY,591904.04385
2017,2,PREPARED FOODS,178282.747026
2017,2,PRODUCE,3571332.77303
2017,2,SCHOOL AND OFFICE SUPPLIES,1789.0
2017,2,SEAFOOD,33861.8139968
2017,3,AUTOMOTIVE,12794.0
2017,3,BABY CARE,442.0
2017,3,BEAUTY,7051.0
2017,3,BEVERAGES,6133553.0
2017,3,BOOKS,472.0
2017,3,BREAD/BAKERY,959907.15692
2017,3,CELEBRATION,23348.0
2017,3,CLEANING,2004633.0
2017,3,DAIRY,1628448.0
2017,3,DELI,536419.09297
2017,3,EGGS,328313.0
2017,3,FROZEN FOODS,213862.301018
2017,3,GROCERY I,7887671.774
2017,3,GROCERY II,36378.0
2017,3,HARDWARE,2379.0
2017,3,HOME AND KITCHEN I,48023.0
2017,3,HOME AND KITCHEN II,49206.0
2017,3,HOME APPLIANCES,1159.0
2017,3,HOME CARE,524287.0
2017,3,LADIESWEAR,19647.0
2017,3,LAWN AND GARDEN,24747.0
2017,3,LINGERIE,11312.0
2017,3,"LIQUOR,WINE,BEER",147379.0
2017,3,MAGAZINES,10315.0
2017,3,MEATS,614945.529033
2017,3,PERSONAL CARE,544547.0
2017,3,PET SUPPLIES,14443.0
2017,3,PLAYERS AND ELECTRONICS,18716.0
2017,3,POULTRY,649552.011313
2017,3,PREPARED FOODS,187348.545107
2017,3,PRODUCE,4012516.2995
2017,3,SCHOOL AND OFFICE SUPPLIES,8246.0
2017,3,SEAFOOD,41956.9810183
2017,4,AUTOMOTIVE,13169.0
2017,4,BABY CARE,298.0
2017,4,BEAUTY,7489.0
2017,4,BEVERAGES,5929467.0
2017,4,BOOKS,258.0
2017,4,BREAD/BAKERY,878030.28787
2017,4,CELEBRATION,22611.0
2017,4,CLEANING,2019408.0
2017,4,DAIRY,1561745.0
2017,4,DELI,518515.785024
2017,4,EGGS,323368.0
2017,4,FROZEN FOODS,216887.845991
2017,4,GROCERY I,7813168.199
2017,4,GROCERY II,36596.0
2017,4,HARDWARE,2395.0
2017,4,HOME AND KITCHEN I,47905.0
2017,4,HOME AND KITCHEN II,45747.0
2017,4,HOME APPLIANCES,1119.0
2017,4,HOME CARE,498148.0
2017,4,LADIESWEAR,19616.0
2017,4,LAWN AND GARDEN,24314.0
2017,4,LINGERIE,12634.0
2017,4,"LIQUOR,WINE,BEER",147650.0
2017,4,MAGAZINES,11377.0
2017,4,MEATS,571203.879932
2017,4,PERSONAL CARE,547866.0
2017,4,PET SUPPLIES,14666.0
2017,4,PLAYERS AND ELECTRONICS,19846.0
2017,4,POULTRY,605118.592948
2017,4,PREPARED FOODS,162727.748098
2017,4,PRODUCE,3757053.268706
2017,4,SCHOOL AND OFFICE SUPPLIES,28689.0
2017,4,SEAFOOD,36221.8819861
2017,5,AUTOMOTIVE,11818.0
2017,5,BABY CARE,279.0
2017,5,BEAUTY,9877.0
2017,5,BEVERAGES,5837405.0
2017,5,BOOKS,152.0
2017,5,BREAD/BAKERY,948895.65015
2017,5,CELEBRATION,22328.0
2017,5,CLEANING,2264336.0
2017,5,DAIRY,1617789.0
2017,5,DELI,539986.249922
2017,5,EGGS,339962.0
2017,5,FROZEN FOODS,237068.306844
2017,5,GROCERY I,8043902.762
2017,5,GROCERY II,48938.0
2017,5,HARDWARE,2672.0
2017,5,HOME AND KITCHEN I,51365.0
2017,5,HOME AND KITCHEN II,56786.0
2017,5,HOME APPLIANCES,1190.0
2017,5,HOME CARE,500220.0
2017,5,LADIESWEAR,21431.0
2017,5,LAWN AND GARDEN,34952.0
2017,5,LINGERIE,13009.0
2017,5,"LIQUOR,WINE,BEER",147623.0
2017,5,MAGAZINES,11117.0
2017,5,MEATS,615677.415689
2017,5,PERSONAL CARE,519788.0
2017,5,PET SUPPLIES,15027.0
2017,5,PLAYERS AND ELECTRONICS,20173.0
2017,5,POULTRY,657027.894173
2017,5,PREPARED FOODS,152694.8411065
2017,5,PRODUCE,4119032.73671
2017,5,SCHOOL AND OFFICE SUPPLIES,9658.0
2017,5,SEAFOOD,39666.3939985
2017,6,AUTOMOTIVE,11956.0
2017,6,BABY CARE,295.0
2017,6,BEAUTY,8800.0
2017,6,BEVERAGES,5799818.0
2017,6,BOOKS,60.0
2017,6,BREAD/BAKERY,900139.18836
2017,6,CELEBRATION,22352.0
2017,6,CLEANING,1990494.0
2017,6,DAIRY,1510696.0
2017,6,DELI,514679.058052
2017,6,EGGS,327421.0
2017,6,FROZEN FOODS,222727.432074
2017,6,GROCERY I,7617937.742
2017,6,GROCERY II,47400.0
2017,6,HARDWARE,2274.0
2017,6,HOME AND KITCHEN I,54959.0
2017,6,HOME AND KITCHEN II,49972.0
2017,6,HOME APPLIANCES,1034.0
2017,6,HOME CARE,464207.0
2017,6,LADIESWEAR,19334.0
2017,6,LAWN AND GARDEN,27310.0
2017,6,LINGERIE,10987.0
2017,6,"LIQUOR,WINE,BEER",154555.0
2017,6,MAGAZINES,10024.0
2017,6,MEATS,629180.8311749999
2017,6,PERSONAL CARE,517485.0
2017,6,PET SUPPLIES,14931.0
2017,6,PLAYERS AND ELECTRONICS,18369.0
2017,6,POULTRY,658662.036049
2017,6,PREPARED FOODS,147253.406053
2017,6,PRODUCE,3893588.65524
2017,6,SCHOOL AND OFFICE SUPPLIES,2555.0
2017,6,SEAFOOD,31365.7759906
2017,7,AUTOMOTIVE,12197.0
2017,7,BABY CARE,351.0
2017,7,BEAUTY,9623.0
2017,7,BEVERAGES,6204055.0
2017,7,BOOKS,46.0
2017,7,BREAD/BAKERY,929873.40399
2017,7,CELEBRATION,22722.0
2017,7,CLEANING,2299087.0
2017,7,DAIRY,1505515.0
2017,7,DELI,543916.040008
2017,7,EGGS,343149.0
2017,7,FROZEN FOODS,223713.929022
2017,7,GROCERY I,7873933.799
2017,7,GROCERY II,57942.0
2017,7,HARDWARE,2552.0
2017,7,HOME AND KITCHEN I,52719.0
2017,7,HOME AND KITCHEN II,51493.0
2017,7,HOME APPLIANCES,671.0
2017,7,HOME CARE,563416.0
2017,7,LADIESWEAR,20067.0
2017,7,LAWN AND GARDEN,27500.0
2017,7,LINGERIE,10884.0
2017,7,"LIQUOR,WINE,BEER",159719.0
2017,7,MAGAZINES,10511.0
2017,7,MEATS,639327.439127
2017,7,PERSONAL CARE,539305.0
2017,7,PET SUPPLIES,15003.0
2017,7,PLAYERS AND ELECTRONICS,19805.0
2017,7,POULTRY,671729.86887
2017,7,PREPARED FOODS,151421.928938
2017,7,PRODUCE,4005391.46987
2017,7,SCHOOL AND OFFICE SUPPLIES,8797.0
2017,7,SEAFOOD,35040.6870057
2017,8,AUTOMOTIVE,6020.0
2017,8,BABY CARE,143.0
2017,8,BEAUTY,5481.0
2017,8,BEVERAGES,2809903.0
2017,8,BOOKS,8.0
2017,8,BREAD/BAKERY,436413.76789
2017,8,CELEBRATION,10302.0
2017,8,CLEANING,975858.0
2017,8,DAIRY,674541.0
2017,8,DELI,245224.579004
2017,8,EGGS,157512.0
2017,8,FROZEN FOODS,104319.183989
2017,8,GROCERY I,3710196.818
2017,8,GROCERY II,23225.0
2017,8,HARDWARE,1171.0
2017,8,HOME AND KITCHEN I,25663.0
2017,8,HOME AND KITCHEN II,24980.0
2017,8,HOME APPLIANCES,151.0
2017,8,HOME CARE,232689.0
2017,8,LADIESWEAR,8245.0
2017,8,LAWN AND GARDEN,12341.0
2017,8,LINGERIE,6387.0
2017,8,"LIQUOR,WINE,BEER",81295.0
2017,8,MAGAZINES,5901.0
2017,8,MEATS,302968.667563
2017,8,PERSONAL CARE,258967.0
2017,8,PET SUPPLIES,6858.0
2017,8,PLAYERS AND ELECTRONICS,9490.0
2017,8,POULTRY,303852.663914
2017,8,PREPARED FOODS,71297.927038
2017,8,PRODUCE,1855594.78436
2017,8,SCHOOL AND OFFICE SUPPLIES,50169.0
2017,8,SEAFOOD,16154.5490195
